-- --------------------------------------------------------
-- Host:                         127.0.0.1
-- Versión del servidor:         10.4.18-MariaDB - mariadb.org binary distribution
-- SO del servidor:              Win64
-- HeidiSQL Versión:             11.2.0.6213
-- --------------------------------------------------------

/*!40101 SET @OLD_CHARACTER_SET_CLIENT=@@CHARACTER_SET_CLIENT */;
/*!40101 SET NAMES utf8 */;
/*!50503 SET NAMES utf8mb4 */;
/*!40014 SET @OLD_FOREIGN_KEY_CHECKS=@@FOREIGN_KEY_CHECKS, FOREIGN_KEY_CHECKS=0 */;
/*!40101 SET @OLD_SQL_MODE=@@SQL_MODE, SQL_MODE='NO_AUTO_VALUE_ON_ZERO' */;
/*!40111 SET @OLD_SQL_NOTES=@@SQL_NOTES, SQL_NOTES=0 */;

-- Volcando datos para la tabla nuevoempleo.administradores: ~0 rows (aproximadamente)
DELETE FROM `administradores`;
/*!40000 ALTER TABLE `administradores` DISABLE KEYS */;
INSERT INTO `administradores` (`idadmin`, `idusuario`, `email`, `contrasena`, `nombre`, `apellidos`) VALUES
	(1, 1, 'fvillag01@educantabria.es', _binary 0x6261333235333837366165643662633232643461366666353364383430366336616438363431393565643134346162356338373632316236633233336235343862616561653639353664663334366563386331376635656131306633356565336362633531343739376564376464643331343534363465326130626162343133, '', '');
/*!40000 ALTER TABLE `administradores` ENABLE KEYS */;

-- Volcando datos para la tabla nuevoempleo.empleos: ~0 rows (aproximadamente)
DELETE FROM `empleos`;
/*!40000 ALTER TABLE `empleos` DISABLE KEYS */;
/*!40000 ALTER TABLE `empleos` ENABLE KEYS */;

-- Volcando datos para la tabla nuevoempleo.empleotitulo: ~0 rows (aproximadamente)
DELETE FROM `empleotitulo`;
/*!40000 ALTER TABLE `empleotitulo` DISABLE KEYS */;
/*!40000 ALTER TABLE `empleotitulo` ENABLE KEYS */;

-- Volcando datos para la tabla nuevoempleo.empresas: ~0 rows (aproximadamente)
DELETE FROM `empresas`;
/*!40000 ALTER TABLE `empresas` DISABLE KEYS */;
/*!40000 ALTER TABLE `empresas` ENABLE KEYS */;

-- Volcando datos para la tabla nuevoempleo.familia: ~23 rows (aproximadamente)
DELETE FROM `familia`;
/*!40000 ALTER TABLE `familia` DISABLE KEYS */;
INSERT INTO `familia` (`idfamilia`, `familia`, `nombre_imagen`) VALUES
	(1, 'Agraria', 'agraria.jpg'),
	(2, 'Actividades físicas y deportivas', 'actividades-fisicas.jpg'),
	(3, 'Administración y gestión', 'administracion-gestion.jpg'),
	(4, 'Artes gráficas', 'artes-graficas.jpg'),
	(5, 'Comercio y marketing', 'comercio-marketing.jpg'),
	(6, 'Edificación y obra civil', 'edificacion-obra-civil.jpg'),
	(7, 'Electricidad y electrónica', 'electricidad-electronica.jpg'),
	(8, 'Energía y agua', 'energia-agua.jpg'),
	(9, 'Fabricación mecánica', 'fabricacion-mecanica.jpg'),
	(10, 'Hostelería y turismo', 'hosteleria-turismo.jpg'),
	(11, 'Imagen personal', 'imagen-personal.jpg'),
	(12, 'Imagen y sonido', 'imagen-sonido.jpg'),
	(13, 'Industrias alimentarias', 'industrias-alimentarias.jpg'),
	(14, 'Informática y comunicaciones', 'informatica-comunicaciones.jpg'),
	(15, 'Instalación y mantenimiento', 'instalacion-mantenimiento.jpg'),
	(16, 'Madera, mueble y corcho', 'madera-corcho.jpg'),
	(17, 'Marítimo pesquera', 'maritimo-pesquera.jpg'),
	(18, 'Química', 'quimica.jpg'),
	(19, 'Sanidad', 'sanidad.jpg'),
	(20, 'Servicios socioculturales y a la comunidad', 'servicios-sociales.jpg'),
	(21, 'Transporte y mantenimiento de vehículos', 'transporte-mantenimiento.jpg'),
	(22, 'Textil, confección y piel', 'confeccion-textil.jpg'),
	(23, 'Seguridad y medio ambiente', 'seguridad-medioambiente.jpg');
/*!40000 ALTER TABLE `familia` ENABLE KEYS */;

-- Volcando datos para la tabla nuevoempleo.inscripciones: ~0 rows (aproximadamente)
DELETE FROM `inscripciones`;
/*!40000 ALTER TABLE `inscripciones` DISABLE KEYS */;
/*!40000 ALTER TABLE `inscripciones` ENABLE KEYS */;

-- Volcando datos para la tabla nuevoempleo.tipousuario: ~3 rows (aproximadamente)
DELETE FROM `tipousuario`;
/*!40000 ALTER TABLE `tipousuario` DISABLE KEYS */;
INSERT INTO `tipousuario` (`idtipo`, `tipousuario`) VALUES
	(1, 'administrador'),
	(2, 'empresa'),
	(3, 'titulado');
/*!40000 ALTER TABLE `tipousuario` ENABLE KEYS */;

-- Volcando datos para la tabla nuevoempleo.titulados: ~0 rows (aproximadamente)
DELETE FROM `titulados`;
/*!40000 ALTER TABLE `titulados` DISABLE KEYS */;
/*!40000 ALTER TABLE `titulados` ENABLE KEYS */;

-- Volcando datos para la tabla nuevoempleo.tituladostitulacion: ~0 rows (aproximadamente)
DELETE FROM `tituladostitulacion`;
/*!40000 ALTER TABLE `tituladostitulacion` DISABLE KEYS */;
/*!40000 ALTER TABLE `tituladostitulacion` ENABLE KEYS */;

-- Volcando datos para la tabla nuevoempleo.titulos: ~0 rows (aproximadamente)
DELETE FROM `titulos`;
/*!40000 ALTER TABLE `titulos` DISABLE KEYS */;
INSERT INTO `titulos` (`idtitulo`, `nombre`, `grado`, `idfamilia`) VALUES
	(1, 'Producción agroecológica', 'medio', 1),
	(2, 'Producción agropecuaria', 'medio', 1),
	(3, 'Jardinería y floristería', 'medio', 1),
	(4, 'Aprovechamiento y conservación del medio natural', 'medio', 1),
	(5, 'Actividades Ecuestres', 'medio', 1),
	(6, 'Conducción de actividades físico-deportivas en el medio natural', 'medio', 2),
	(7, 'Actividades Ecuestres', 'medio', 2),
	(8, 'Gestión administrativa', 'medio', 3),
	(9, 'Preimpresión digital', 'medio', 4),
	(10, 'Actividades comerciales', 'medio', 5),
	(11, 'Comercialización de productos alimentarios', 'medio', 5),
	(12, 'Obras de interior, decoración y rehabilitación', 'medio', 6),
	(13, 'Instalaciones eléctricas y automáticas', 'medio', 7),
	(15, 'Instalaciones de telecomunicaciones', 'medio', 7),
	(16, 'Mecanizado', 'medio', 9),
	(17, 'Soldadura y calderería', 'medio', 9),
	(18, 'Cocina y gastronomía', 'medio', 10),
	(21, 'Servicios en restauración', 'medio', 10),
	(22, 'Estética y belleza', 'medio', 11),
	(23, 'Peluquería y cosmética capilar', 'medio', 11),
	(26, 'Panadería, repostería y confitería', 'medio', 13),
	(27, 'Elaboración de productos alimenticios', 'medio', 13),
	(28, 'Sistemas microinformáticos y redes', 'medio', 14),
	(29, 'Mantenimiento electromecánico', 'medio', 15),
	(30, 'Instalaciones de produccion de calor', 'medio', 15),
	(31, 'Instalaciones frigoríficas y climatización', 'medio', 15),
	(34, 'Carpintería y mueble', 'medio', 16),
	(35, 'Mantenimiento y control de la maquinaría de buques y embarcaciones', 'medio', 17),
	(36, 'Planta química', 'medio', 18),
	(37, 'Operaciones de laboratorio', 'medio', 18),
	(40, 'Cuidados auxiliares de enfermería', 'medio', 19),
	(41, 'Emergencias sanitarias', 'medio', 19),
	(42, 'Farmacia y parafarmacia', 'medio', 19),
	(43, 'Atención a personas en situación de dependencia', 'medio', 20),
	(44, 'Carrocería', 'medio', 21),
	(45, 'Electromecánica de vehículos automóviles', 'medio', 21),
	(46, 'Conducción de vehículos de transporte por carretera', 'medio', 21),
	(49, 'Confección y moda', 'medio', 22),
	(50, 'Paisajismo y medio rural', 'superior', 1),
	(53, 'Gestión forestal y del medio natural', 'superior', 1),
	(54, 'Ganadería y asistencia en sanidad animal', 'superior', 1),
	(55, 'Acondicionamiento Físico', 'superior', 2),
	(56, 'Enseñanza y animación sociodeportiva', 'superior', 2),
	(57, 'Administración y finanzas', 'superior', 3),
	(58, 'Asistencia a la dirección', 'superior', 3),
	(59, 'Diseño y edición de publicaciones impresas y multimendia', 'superior', 4),
	(60, 'Comercio internacional', 'superior', 5),
	(61, 'Gestión de ventas y espacios comerciales', 'superior', 5),
	(62, 'Transporte y logística', 'superior', 5),
	(63, 'Marketing y publicidad', 'superior', 5),
	(64, 'Proyectos de edificación', 'superior', 6),
	(65, 'Proyectos de obra civil', 'superior', 6),
	(66, 'Mantenimiento electrónico', 'superior', 7),
	(67, 'Sistemas electrotécticos y automatizados', 'superior', 7),
	(68, 'Sistemas de telecomunicaciones e informáticos', 'superior', 7),
	(69, 'Automatización y robótica industrial', 'superior', 7),
	(70, 'Electromedicina clínica', 'superior', 7),
	(73, 'Eficiencia energética y energía solar térmica', 'superior', 8),
	(74, 'Energías renovables', 'superior', 8),
	(75, 'Construcciones metálicas', 'superior', 9),
	(76, 'Programación de la producción en fabricación mecánica', 'superior', 9),
	(77, 'Diseño en fabricación mecánica', 'superior', 9),
	(78, 'Agencias de viajes y gestión de eventos', 'superior', 10),
	(79, 'Guía, información y asistencias turísticas', 'superior', 10),
	(80, 'Dirección de cocina', 'superior', 10),
	(81, 'Gestión de alojamientos turísticos', 'superior', 10),
	(82, 'Asesoría de imagen personal y corporativa', 'superior', 11),
	(83, 'Estética integral y bienestar', 'superior', 11),
	(86, 'Estilismo y dirección de peluquería', 'superior', 11),
	(87, 'Animaciones 3D, juegos y entornos interactivos', 'superior', 12),
	(88, 'Procesos y calidad en la industria alimentaria', 'superior', 13),
	(89, 'Administración de sistemas informáticos', 'superior', 14),
	(90, 'Desarrollo de aplicaciones web', 'superior', 14),
	(91, 'Desarrollo de aplicaciones multiplataforma', 'superior', 14),
	(92, 'Mecatrónica industrial', 'superior', 15),
	(93, 'Mantenimiento de instalaciones térmicas y de fluidos', 'superior', 15),
	(94, 'Prevención de riesgos profesionales', 'superior', 15),
	(95, 'Diseño y amueblamiento', 'superior', 16),
	(96, 'Laboratorio de análisis y control de calidad', 'superior', 18),
	(97, 'Química industrial', 'superior', 18),
	(98, 'Anatomía patológica y citodiagnóstico', 'superior', 19),
	(99, 'Documentación y administración sanitaria', 'superior', 19),
	(100, 'Higiene bucodental', 'superior', 19),
	(101, 'Laboratoria clínico y biomédico', 'superior', 19),
	(102, 'Imagen para el diágnostico y medicina nuclear', 'superior', 19),
	(103, 'Radioterapia y dosimetría', 'superior', 19),
	(104, 'Prótesis dentales', 'superior', 19),
	(105, 'Audiología protésica', 'superior', 19),
	(106, 'Educación y control ambiental', 'superior', 23),
	(107, 'Química y salud ambiental', 'superior', 23),
	(108, 'Animación sociocultural y turística', 'superior', 20),
	(109, 'Educación infantil', 'superior', 20),
	(110, 'Integración social', 'superior', 20),
	(111, 'Mediación comunicativa', 'superior', 20),
	(112, 'Promoción de igualdad de género', 'superior', 20),
	(113, 'Automoción', 'superior', 21),
	(114, 'Mantenimiento aeromecánico de aviones con motor de turbina', 'superior', 21);
/*!40000 ALTER TABLE `titulos` ENABLE KEYS */;

-- Volcando datos para la tabla nuevoempleo.usuarios: ~0 rows (aproximadamente)
DELETE FROM `usuarios`;
/*!40000 ALTER TABLE `usuarios` DISABLE KEYS */;
INSERT INTO `usuarios` (`idusuario`, `idtipo`) VALUES
	(1, 1);
/*!40000 ALTER TABLE `usuarios` ENABLE KEYS */;

/*!40101 SET SQL_MODE=IFNULL(@OLD_SQL_MODE, '') */;
/*!40014 SET FOREIGN_KEY_CHECKS=IFNULL(@OLD_FOREIGN_KEY_CHECKS, 1) */;
/*!40101 SET CHARACTER_SET_CLIENT=@OLD_CHARACTER_SET_CLIENT */;
/*!40111 SET SQL_NOTES=IFNULL(@OLD_SQL_NOTES, 1) */;
